<world>
    <window width="800" height="800" />
    <camera> 
        <position x="15" y="100" z="15" />
        <lookAt x="0" y="0" z="0" />
        <up x="0" y="1" z="0" /> 
        <projection fov="60" near="1" far="1000" /> 
    </camera>

    <!--  Sol -->
    <group>
            <transform>
                <!-- <scale x="1.5" y="1.5" z="1.5" /> -->
            </transform>
        <models>
            <model file="sphere_10_20_20.3d" />
            <color> 
                <rgb R="1" G="0.6" B="0"/>
            </color>
        </models>
        <!--  Mercúrio -->
        <group>
            <transform>
                <translate time = "5" align="true">
                    <point x="0.0" y="0" z="15.2"/>
                    <point x="1.9050651501774247" y="0" z="15.080143459980063"/>
                    <point x="3.7800862849057926" y="0" z="14.722464049155192"/>
                    <point x="5.5954932008071046" y="0" z="14.13260258550142"/>
                    <point x="7.3226558463460725" y="0" z="13.319861536666727"/>
                    <point x="8.93433583484559" y="0" z="12.2970583144992"/>
                    <point x="10.405116010116066" y="0" z="11.080323136805456"/>
                    <point x="11.711801290191994" y="0" z="9.688844644180085"/>
                    <point x="12.833784467630627" y="0" z="8.14456728368075"/>
                    <point x="13.753371197483496" y="0" z="6.471845231789107"/>
                    <point x="14.456059047686333" y="0" z="4.697058314499205"/>
                    <point x="14.930766211076067" y="0" z="2.848195981703019"/>
                    <point x="15.170006272109728" y="0" z="0.9544158968455689"/>
                    <point x="15.170006272109728" y="0" z="-0.9544158968455569"/>
                    <point x="14.930766211076067" y="0" z="-2.848195981703007"/>
                    <point x="14.456059047686336" y="0" z="-4.697058314499193"/>
                    <point x="13.7533711974835" y="0" z="-6.471845231789099"/>
                    <point x="12.83378446763063" y="0" z="-8.144567283680745"/>
                    <point x="11.711801290191996" y="0" z="-9.688844644180083"/>
                    <point x="10.405116010116064" y="0" z="-11.080323136805458"/>
                    <point x="8.934335834845585" y="0" z="-12.297058314499203"/>
                    <point x="7.322655846346065" y="0" z="-13.319861536666728"/>
                    <point x="5.595493200807095" y="0" z="-14.132602585501425"/>
                    <point x="3.78008628490578" y="0" z="-14.722464049155196"/>
                    <point x="1.9050651501774085" y="0" z="-15.080143459980064"/>
                    <point x="-1.8389004834458877e-14" y="0" z="-15.2"/>
                    <point x="-1.9050651501774454" y="0" z="-15.080143459980059"/>
                    <point x="-3.7800862849058157" y="0" z="-14.722464049155187"/>
                    <point x="-5.595493200807129" y="0" z="-14.132602585501411"/>
                    <point x="-7.322655846346097" y="0" z="-13.319861536666712"/>
                    <point x="-8.934335834845617" y="0" z="-12.297058314499182"/>
                    <point x="-10.405116010116092" y="0" z="-11.080323136805431"/>
                    <point x="-11.711801290192014" y="0" z="-9.68884464418006"/>
                    <point x="-12.833784467630645" y="0" z="-8.14456728368072"/>
                    <point x="-13.75337119748351" y="0" z="-6.4718452317890725"/>
                    <point x="-14.456059047686345" y="0" z="-4.697058314499165"/>
                    <point x="-14.930766211076074" y="0" z="-2.8481959817029745"/>
                    <point x="-15.170006272109731" y="0" z="-0.9544158968455202"/>
                    <point x="-15.170006272109724" y="0" z="0.954415896845609"/>
                    <point x="-14.930766211076058" y="0" z="2.848195981703062"/>
                    <point x="-14.456059047686319" y="0" z="4.697058314499249"/>
                    <point x="-13.753371197483473" y="0" z="6.471845231789152"/>
                    <point x="-12.833784467630599" y="0" z="8.144567283680797"/>
                    <point x="-11.711801290191959" y="0" z="9.68884464418013"/>
                    <point x="-10.405116010116023" y="0" z="11.080323136805497"/>
                    <point x="-8.93433583484554" y="0" z="12.297058314499237"/>
                    <point x="-7.322655846346014" y="0" z="13.319861536666759"/>
                    <point x="-5.59549320080704" y="0" z="14.132602585501447"/>
                    <point x="-3.780086284905723" y="0" z="14.72246404915521"/>
                    <point x="-1.9050651501773503" y="0" z="15.080143459980071"/>
                </translate>
                <rotate time="402.27" x="0" y="1" z="0"/>
                <scale x="0.02" y="0.02" z="0.02" />
            </transform>
            <models>
                <model file="sphere_10_20_20.3d" />
                <color> 
                    <rgb R="0.67" G="0.67" B="0.67"/>
                </color>
            </models>
        </group>
        <!--  Vénus -->
        <group>
            <transform>
                <translate time = "12.725" align="true">
                    <point x="0" y="0" z="21.25"/>
                    <point x="2.050920819433446" y="0" z="21.150797237750034"/>
                    <point x="4.0826927437663025" y="0" z="20.854115180462536"/>
                    <point x="6.076345665972146" y="0" z="20.362723868569784"/>
                    <point x="8.013265385876808" y="0" z="19.681211290352753"/>
                    <point x="9.875367405930081" y="0" z="18.81594054513071"/>
                    <point x="11.645265781286735" y="0" z="17.774990432717317"/>
                    <point x="13.306435447689164" y="0" z="16.56808002384348"/>
                    <point x="14.84336651153991" y="0" z="15.206477915812574"/>
                    <point x="16.241709061599277" y="0" z="13.702897020643626"/>
                    <point x="17.4884071502402" y="0" z="12.07137586803706"/>
                    <point x="18.57182069331351" y="0" z="10.327147531405378"/>
                    <point x="19.481834150477376" y="0" z="8.486497400771029"/>
                    <point x="20.209950971272015" y="0" z="6.56661113046763"/>
                    <point x="20.74937292512203" y="0" z="4.585414181315875"/>
                    <point x="21.095063574583648" y="0" z="2.5614044554256092"/>
                    <point x="21.2437952992041" y="0" z="0.5134795862678044"/>
                    <point x="21.194179430944185" y="0" z="-1.5392395034374577"/>
                    <point x="20.94667921979758" y="0" z="-3.577587128624578"/>
                    <point x="20.503605508550468" y="0" z="-5.582531786719981"/>
                    <point x="19.86909515706506" y="0" z="-7.535353849653893"/>
                    <point x="19.049072417533704" y="0" z="-9.417820343983884"/>
                    <point x="18.05119362133232" y="0" z="-11.212355187255323"/>
                    <point x="16.884775693917277" y="0" z="-12.902203291147613"/>
                    <point x="15.56070916520269" y="0" z="-14.471586999219436"/>
                    <point x="14.091356487616904" y="0" z="-15.905853398635893"/>
                    <point x="12.490436611215063" y="0" z="-17.191611130467628"/>
                    <point x="10.772896893538809" y="0" z="-18.316855421201037"/>
                    <point x="8.954773540166261" y="0" z="-19.271080168074082"/>
                    <point x="7.053041878981251" y="0" z="-20.045376031727034"/>
                    <point x="5.085457866110628" y="0" z="-20.632513620303598"/>
                    <point x="3.0703923033459826" y="0" z="-21.027010988334833"/>
                    <point x="1.0266593149170589" y="0" z="-21.22518482018694"/>
                    <point x="-1.0266593149169876" y="0" z="-21.225184820186943"/>
                    <point x="-3.0703923033459124" y="0" z="-21.02701098833484"/>
                    <point x="-5.085457866110559" y="0" z="-20.632513620303616"/>
                    <point x="-7.053041878981183" y="0" z="-20.045376031727056"/>
                    <point x="-8.954773540166196" y="0" z="-19.271080168074114"/>
                    <point x="-10.772896893538746" y="0" z="-18.316855421201076"/>
                    <point x="-12.490436611215005" y="0" z="-17.19161113046767"/>
                    <point x="-14.091356487616851" y="0" z="-15.90585339863594"/>
                    <point x="-15.560709165202642" y="0" z="-14.47158699921949"/>
                    <point x="-16.88477569391724" y="0" z="-12.902203291147663"/>
                    <point x="-18.051193621332292" y="0" z="-11.212355187255367"/>
                    <point x="-19.049072417533683" y="0" z="-9.417820343983923"/>
                    <point x="-19.869095157065047" y="0" z="-7.535353849653923"/>
                    <point x="-20.50360550855046" y="0" z="-5.5825317867200095"/>
                    <point x="-20.946679219797574" y="0" z="-3.5775871286246015"/>
                    <point x="-21.194179430944185" y="0" z="-1.5392395034374773"/>
                    <point x="-21.2437952992041" y="0" z="0.5134795862677898"/>
                    <point x="-21.095063574583648" y="0" z="2.5614044554255995"/>
                    <point x="-20.749372925122035" y="0" z="4.585414181315871"/>
                    <point x="-20.209950971272015" y="0" z="6.566611130467629"/>
                    <point x="-19.481834150477376" y="0" z="8.486497400771032"/>
                    <point x="-18.5718206933135" y="0" z="10.327147531405386"/>
                    <point x="-17.48840715024019" y="0" z="12.071375868037071"/>
                    <point x="-16.241709061599263" y="0" z="13.70289702064364"/>
                    <point x="-14.843366511539895" y="0" z="15.20647791581259"/>
                    <point x="-13.306435447689143" y="0" z="16.568080023843496"/>
                    <point x="-11.645265781286707" y="0" z="17.77499043271734"/>
                    <point x="-9.875367405930044" y="0" z="18.81594054513073"/>
                    <point x="-8.013265385876766" y="0" z="19.681211290352767"/>
                    <point x="-6.076345665972095" y="0" z="20.362723868569795"/>
                    <point x="-4.082692743766245" y="0" z="20.854115180462546"/>
                    <point x="-2.050920819433382" y="0" z="21.15079723775004"/>
                </translate>
                <rotate time="1656.82" x="0" y="1" z="0"/>
                <scale x="0.085" y="0.085" z="0.085" />
            </transform>
            <models>
                <model file="sphere_10_20_20.3d" />
                <color> 
                    <rgb R="0.98" G="0.80" B="0.45"/>
                </color>
            </models>
        </group>
        <!--  Terra -->
        <group>
            <transform>
                <translate time = "20.74" align="true">
                    <point x="0.0" y="0" z="28.05"/>
                    <point x="2.0715633956702146" y="0" z="27.973400313471355"/>
                    <point x="4.131812630432582" y="0" z="27.744019614810647"/>
                    <point x="6.169495337402704" y="0" z="27.363110701851248"/>
                    <point x="8.173482400245556" y="0" z="26.832753966987365"/>
                    <point x="10.132828736549639" y="0" z="26.15584603479218"/>
                    <point x="12.036833076071682" y="0" z="25.336083941658917"/>
                    <point x="13.875096407363795" y="0" z="24.37794494387007"/>
                    <point x="15.63757877356794" y="0" z="23.2866620643762"/>
                    <point x="17.314654107178693" y="0" z="22.068195511839203"/>
                    <point x="18.89716280428593" y="0" z="20.729200128039487"/>
                    <point x="20.376461751155087" y="0" z="19.27698904143782"/>
                    <point x="21.744471529917192" y="0" z="17.71949372540369"/>
                    <point x="22.993720545547554" y="0" z="16.06522067925817"/>
                    <point x="24.117385833126846" y="0" z="14.323204968724442"/>
                    <point x="25.1093303225095" y="0" z="12.5029608795319"/>
                    <point x="25.964136356872654" y="0" z="10.614429953686805"/>
                    <point x="26.677135282079057" y="0" z="8.667926692217277"/>
                    <point x="27.24443294524699" y="0" z="6.674082220945458"/>
                    <point x="27.662930963262944" y="0" z="4.643786226964846"/>
                    <point x="27.930343645075716" y="0" z="2.588127482945622"/>
                    <point x="28.04521047534838" y="0" z="0.5183332841035941"/>
                    <point x="28.006904091286522" y="0" z="-1.5542918713929572"/>
                    <point x="27.815633709076334" y="0" z="-3.6184280236722026"/>
                    <point x="27.472443981218312" y="0" z="-5.662801576854139"/>
                    <point x="26.979209290997574" y="0" z="-7.676246871521926"/>
                    <point x="26.338623515252337" y="0" z="-9.647767167681685"/>
                    <point x="25.55418531135278" y="0" z="-11.566594705142995"/>
                    <point x="24.63017900874773" y="0" z="-13.422249513291083"/>
                    <point x="23.571651209442898" y="0" z="-15.204596649052196"/>
                    <point x="22.384383225210726" y="0" z="-16.903901550438132"/>
                    <point x="21.07485950207031" y="0" z="-18.510883203348154"/>
                    <point x="19.65023220449183" y="0" z="-20.01676483124963"/>
                    <point x="18.11828215275441" y="0" z="-21.413321830887917"/>
                    <point x="16.487376326803904" y="0" z="-22.692926692217252"/>
                    <point x="14.76642216870987" y="0" z="-23.848590657215656"/>
                    <point x="12.964818933305832" y="0" z="-24.874001890057713"/>
                    <point x="11.092406352718772" y="0" z="-25.763559950173118"/>
                    <point x="9.159410895164397" y="0" z="-26.512406379910967"/>
                    <point x="7.176389911523986" y="0" z="-27.116451239750692"/>
                    <point x="5.1541739747548725" y="0" z="-27.57239544613343"/>
                    <point x="3.1038077270566804" y="0" z="-27.87774878991242"/>
                    <point x="1.036489557865602" y="0" z="-28.03084353701179"/>
                    <point x="-1.0364895578654207" y="0" z="-28.030843537011798"/>
                    <point x="-3.1038077270565" y="0" z="-27.877748789912438"/>
                    <point x="-5.154173974754694" y="0" z="-27.572395446133463"/>
                    <point x="-7.176389911523811" y="0" z="-27.116451239750734"/>
                    <point x="-9.159410895164227" y="0" z="-26.512406379911027"/>
                    <point x="-11.092406352718607" y="0" z="-25.76355995017319"/>
                    <point x="-12.96481893330567" y="0" z="-24.874001890057794"/>
                    <point x="-14.766422168709717" y="0" z="-23.848590657215748"/>
                    <point x="-16.487376326803755" y="0" z="-22.69292669221736"/>
                    <point x="-18.118282152754272" y="0" z="-21.413321830888034"/>
                    <point x="-19.650232204491704" y="0" z="-20.01676483124976"/>
                    <point x="-21.074859502070193" y="0" z="-18.51088320334829"/>
                    <point x="-22.384383225210627" y="0" z="-16.903901550438263"/>
                    <point x="-23.571651209442805" y="0" z="-15.204596649052338"/>
                    <point x="-24.63017900874765" y="0" z="-13.42224951329123"/>
                    <point x="-25.554185311352708" y="0" z="-11.56659470514315"/>
                    <point x="-26.338623515252277" y="0" z="-9.64776716768185"/>
                    <point x="-26.979209290997524" y="0" z="-7.6762468715221"/>
                    <point x="-27.472443981218277" y="0" z="-5.6628015768543225"/>
                    <point x="-27.81563370907631" y="0" z="-3.618428023672394"/>
                    <point x="-28.006904091286515" y="0" z="-1.554291871393157"/>
                    <point x="-28.045210475348384" y="0" z="0.518333284103388"/>
                    <point x="-27.93034364507574" y="0" z="2.5881274829454104"/>
                    <point x="-27.66293096326298" y="0" z="4.6437862269646315"/>
                    <point x="-27.244432945247045" y="0" z="6.67408222094524"/>
                    <point x="-26.677135282079128" y="0" z="8.667926692217057"/>
                    <point x="-25.964136356872743" y="0" z="10.614429953686585"/>
                    <point x="-25.109330322509607" y="0" z="12.502960879531681"/>
                    <point x="-24.117385833126974" y="0" z="14.323204968724227"/>
                    <point x="-22.9937205455477" y="0" z="16.065220679257965"/>
                    <point x="-21.744471529917355" y="0" z="17.71949372540349"/>
                    <point x="-20.376461751155272" y="0" z="19.276989041437627"/>
                    <point x="-18.89716280428613" y="0" z="20.729200128039306"/>
                    <point x="-17.31465410717891" y="0" z="22.068195511839033"/>
                    <point x="-15.637578773568176" y="0" z="23.28666206437604"/>
                    <point x="-13.875096407364047" y="0" z="24.377944943869927"/>
                    <point x="-12.036833076071948" y="0" z="25.33608394165879"/>
                    <point x="-10.132828736549921" y="0" z="26.155846034792074"/>
                    <point x="-8.17348240024585" y="0" z="26.832753966987276"/>
                    <point x="-6.16949533740301" y="0" z="27.36311070185118"/>
                    <point x="-4.131812630432898" y="0" z="27.744019614810597"/>
                    <point x="-2.0715633956705384" y="0" z="27.973400313471334"/>
                </translate>
                <rotate time="6.82" x="0" y="1" z="0"/>
                <scale x="0.095" y="0.095" z="0.095" />
            </transform>
            <models>
                <model file="sphere_10_20_20.3d" />
                <color> 
                    <rgb R="0" G="0.5" B="1"/>
                </color>
            </models>
            <!--  Lua -->
            <group>
                <transform>
                    <translate x="6.5" y="6" z="10"/>
                    <scale x="0.09" y="0.09" z="0.09" />
                </transform>
                <models>
                    <model file="sphere_10_20_20.3d" />
                    <color> 
                        <rgb R="0.85" G="0.85" B="0.85"/> 
                    </color>
                </models>
            </group>
        </group>
        <!--  Marte -->
        <group>
            <transform>
                <translate time = "39.035" align="true">
                    <point x="0.0" y="0" z="34.5"/>
                    <point x="2.0632433111036788" y="0" z="34.43824947698686"/>
                    <point x="4.11910074663843" y="0" z="34.25321895879339"/>
                    <point x="6.160212870552964" y="0" z="33.945570806652725"/>
                    <point x="8.179273031184664" y="0" z="33.51640632110392"/>
                    <point x="10.169053517176195" y="0" z="32.96726179962185"/>
                    <point x="12.122431430806323" y="0" z="32.30010303707093"/>
                    <point x="14.032414186115105" y="0" z="31.51731828866973"/>
                    <point x="15.892164540546812" y="0" z="30.621709720657115"/>
                    <point x="17.69502507050376" y="0" z="29.61648337926438"/>
                    <point x="19.434542003194963" y="0" z="28.505237713901824"/>
                    <point x="21.10448831946772" y="0" z="27.29195069564377"/>
                    <point x="22.698886044920087" y="0" z="25.980965577124575"/>
                    <point x="24.212027649497706" y="0" z="24.576975344821392"/>
                    <point x="25.638496478970104" y="0" z="23.085005919380606"/>
                    <point x="26.973186145147032" y="0" z="21.5103981641263"/>
                    <point x="28.211318805422884" y="0" z="19.858788766155733"/>
                    <point x="29.348462266213218" y="0" z="18.136090058462404"/>
                    <point x="30.380545849057466" y="0" z="16.348468855318448"/>
                    <point x="31.303874962591337" y="0" z="14.502324376680006"/>
                    <point x="32.11514432822505" y="0" z="12.604265340640627"/>
                    <point x="32.81144981218279" y="0" z="10.661086305935687"/>
                    <point x="33.390298821547994" y="0" z="8.679743349185546"/>
                    <point x="33.849619227098955" y="0" z="6.667329163946595"/>
                    <point x="34.18776678099375" y="0" z="4.631047670709123"/>
                    <point x="34.40353100275072" y="0" z="2.5781882287316487"/>
                    <point x="34.496139512454434" y="0" z="0.5160995420266097"/>
                    <point x="34.465260795675356" y="0" z="-1.5478366470927474"/>
                    <point x="34.31100539020543" y="0" z="-3.6062319827340246"/>
                    <point x="34.0339254903615" y="0" z="-5.651717943822228"/>
                    <point x="33.63501297027292" y="0" z="-7.676972221492822"/>
                    <point x="33.11569583322968" y="0" z="-9.674744931057068"/>
                    <point x="32.47783309980117" y="0" z="-11.637884564707607"/>
                    <point x="31.72370815302506" y="0" z="-13.559363592060334"/>
                    <point x="30.856020564488635" y="0" z="-15.432303616889302"/>
                    <point x="29.877876430563145" y="0" z="-17.24999999999998"/>
                    <point x="28.79277725338495" y="0" z="-19.005945860097523"/>
                    <point x="27.604607406386624" y="0" z="-20.69385536673301"/>
                    <point x="26.3176202292482" y="0" z="-22.307686241945085"/>
                    <point x="24.93642280204501" y="0" z="-23.84166139004683"/>
                    <point x="23.46595945309672" y="0" z="-25.29028957812901"/>
                    <point x="21.91149405955516" y="0" z="-26.648385093248688"/>
                    <point x="20.27859120409031" y="0" z="-27.911086305935694"/>
                    <point x="18.573096255128526" y="0" z="-29.07387307356436"/>
                    <point x="16.801114441950652" y="0" z="-30.13258292129099"/>
                    <point x="14.96898899955573" y="0" z="-31.083425942633472"/>
                    <point x="13.083278461526001" y="0" z="-31.922998366352896"/>
                    <point x="11.150733182178836" y="0" z="-32.648294741071176"/>
                    <point x="9.178271172050252" y="0" z="-33.25671869400695"/>
                    <point x="7.172953333212651" y="0" z="-33.7460922253163"/>
                    <point x="5.141958183077967" y="0" z="-34.114663504766945"/>
                    <point x="3.092556157168399" y="0" z="-34.36111314283575"/>
                    <point x="1.0320835828441846" y="0" z="-34.484558913780866"/>
                    <point x="-1.0320835828443138" y="0" z="-34.484558913780866"/>
                    <point x="-3.092556157168528" y="0" z="-34.36111314283574"/>
                    <point x="-5.141958183078095" y="0" z="-34.11466350476692"/>
                    <point x="-7.172953333212778" y="0" z="-33.746092225316275"/>
                    <point x="-9.178271172050376" y="0" z="-33.25671869400691"/>
                    <point x="-11.150733182178959" y="0" z="-32.64829474107113"/>
                    <point x="-13.08327846152612" y="0" z="-31.92299836635285"/>
                    <point x="-14.968988999555847" y="0" z="-31.083425942633415"/>
                    <point x="-16.801114441950762" y="0" z="-30.132582921290922"/>
                    <point x="-18.573096255128636" y="0" z="-29.07387307356429"/>
                    <point x="-20.278591204090418" y="0" z="-27.91108630593562"/>
                    <point x="-21.911494059555263" y="0" z="-26.648385093248606"/>
                    <point x="-23.465959453096815" y="0" z="-25.29028957812892"/>
                    <point x="-24.9364228020451" y="0" z="-23.841661390046735"/>
                    <point x="-26.317620229248284" y="0" z="-22.307686241944985"/>
                    <point x="-27.604607406386695" y="0" z="-20.69385536673292"/>
                    <point x="-28.792777253385005" y="0" z="-19.005945860097437"/>
                    <point x="-29.877876430563184" y="0" z="-17.249999999999908"/>
                    <point x="-30.856020564488666" y="0" z="-15.43230361688924"/>
                    <point x="-31.72370815302508" y="0" z="-13.559363592060286"/>
                    <point x="-32.47783309980118" y="0" z="-11.637884564707564"/>
                    <point x="-33.115695833229694" y="0" z="-9.674744931057031"/>
                    <point x="-33.635012970272925" y="0" z="-7.676972221492793"/>
                    <point x="-34.0339254903615" y="0" z="-5.651717943822206"/>
                    <point x="-34.31100539020543" y="0" z="-3.6062319827340104"/>
                    <point x="-34.465260795675356" y="0" z="-1.5478366470927407"/>
                    <point x="-34.496139512454434" y="0" z="0.5160995420266089"/>
                    <point x="-34.40353100275072" y="0" z="2.5781882287316407"/>
                    <point x="-34.18776678099375" y="0" z="4.6310476707091075"/>
                    <point x="-33.84961922709896" y="0" z="6.6673291639465715"/>
                    <point x="-33.390298821548" y="0" z="8.679743349185516"/>
                    <point x="-32.81144981218281" y="0" z="10.661086305935651"/>
                    <point x="-32.115144328225064" y="0" z="12.604265340640582"/>
                    <point x="-31.30387496259136" y="0" z="14.502324376679956"/>
                    <point x="-30.38054584905749" y="0" z="16.348468855318394"/>
                    <point x="-29.348462266213257" y="0" z="18.136090058462347"/>
                    <point x="-28.21131880542293" y="0" z="19.858788766155662"/>
                    <point x="-26.97318614514709" y="0" z="21.51039816412623"/>
                    <point x="-25.638496478970175" y="0" z="23.085005919380528"/>
                    <point x="-24.212027649497784" y="0" z="24.576975344821314"/>
                    <point x="-22.698886044920183" y="0" z="25.98096557712449"/>
                    <point x="-21.10448831946783" y="0" z="27.29195069564369"/>
                    <point x="-19.434542003195084" y="0" z="28.50523771390174"/>
                    <point x="-17.6950250705039" y="0" z="29.6164833792643"/>
                    <point x="-15.892164540546965" y="0" z="30.621709720657037"/>
                    <point x="-14.032414186115274" y="0" z="31.517318288669657"/>
                    <point x="-12.122431430806502" y="0" z="32.30010303707086"/>
                    <point x="-10.169053517176389" y="0" z="32.967261799621795"/>
                    <point x="-8.17927303118487" y="0" z="33.51640632110387"/>
                    <point x="-6.160212870553184" y="0" z="33.94557080665268"/>
                    <point x="-4.119100746638661" y="0" z="34.25321895879336"/>
                    <point x="-2.0632433111039217" y="0" z="34.43824947698685"/>
                </translate>
                <rotate time="6.82" x="0" y="1" z="0"/>
                <scale x="0.05" y="0.05" z="0.05" />
            </transform>
            <models>
                <model file="sphere_10_20_20.3d" />
                <color> 
                    <rgb R="1" G="0.47" B="0"/>
                </color>
            </models>
            <!--  Fobos -->
            <group>
                <transform>
                    <translate x="4" y="13.5" z="2"/>
                    <scale x="0.02" y="0.02" z="0.02" />
                </transform>
                <models>
                    <model file="sphere_10_20_20.3d" />
                    <color> 
                        <rgb R="0.85" G="0.85" B="0.85"/> 
                    </color>
                </models>
            </group>
            <!--  Deimos -->
            <group>
                <transform>
                    <translate x="6.7" y="10.5" z="5.6"/>
                    <scale x="0.02" y="0.02" z="0.02" />
                </transform>
                <models>
                    <model file="sphere_10_20_20.3d" />
                    <color> 
                        <rgb R="0.85" G="0.85" B="0.85"/> 
                    </color>
                </models>
            </group>
        </group>
        <!--  Júpiter -->
        <group>
            <transform>
                <translate time = "248.865" align="true">
                    <point x="0.0" y="0" z="45.0"/>
                    <point x="2.0936390488985994" y="0" z="44.95127001023361"/>
                    <point x="4.18274374182265" y="0" z="44.805185579241204"/>
                    <point x="6.262789543202945" y="0" z="44.56206309337067"/>
                    <point x="8.329271537012158" y="0" z="44.2224291017886"/>
                    <point x="10.377714183409807" y="0" z="43.78701917609207"/>
                    <point x="12.403681011764963" y="0" z="43.25677631722435"/>
                    <point x="14.40278422906372" y="0" z="42.63284891314482"/>
                    <point x="16.370694222891817" y="0" z="41.9165882516764"/>
                    <point x="18.30314893841101" y="0" z="41.10954559391704"/>
                    <point x="20.1959631090208" y="0" z="40.21346881455355"/>
                    <point x="22.04503732071392" y="0" z="39.230298616354304"/>
                    <point x="23.846366890494224" y="0" z="38.16216432703917"/>
                    <point x="25.596050539628337" y="0" z="37.0113792876298"/>
                    <point x="27.29029884294661" y="0" z="35.78043584226815"/>
                    <point x="28.925442435894276" y="0" z="34.471999940354"/>
                    <point x="30.49793996155796" y="0" z="33.08890536269228"/>
                    <point x="32.00438574045618" y="0" z="31.634147584154768"/>
                    <point x="33.44151714648275" y="0" z="30.11087728614861"/>
                    <point x="34.80622167302839" y="0" z="28.52239353294195"/>
                    <point x="36.09554367397698" y="0" z="26.87213662662537"/>
                    <point x="37.306690764976885" y="0" z="25.163680656183594"/>
                    <point x="38.437039871123666" y="0" z="23.40072575681468"/>
                    <point x="39.48414290795619" y="0" z="21.58709009626107"/>
                    <point x="40.44573208346252" y="0" z="19.726701605508477"/>
                    <point x="41.31972480961233" y="0" z="17.82358947176205"/>
                    <point x="42.104228212778914" y="0" z="15.8818754121241"/>
                    <point x="42.79754323328191" y="0" z="13.905764746872634"/>
                    <point x="43.39816830517225" y="0" z="11.899537291674104"/>
                    <point x="43.904802608289636" y="0" z="9.867538088455658"/>
                    <point x="44.31634888554936" y="0" z="7.8141679950118785"/>
                    <point x="44.63191581935678" y="0" z="5.743874153726774"/>
                    <point x="44.850819962002774" y="0" z="3.6611403600536434"/>
                    <point x="44.972587215859306" y="0" z="1.5704773516125685"/>
                    <point x="44.9969538601693" y="0" z="-0.523586961062837"/>
                    <point x="44.92386712220707" y="0" z="-2.61651730097138"/>
                    <point x="44.753485291572304" y="0" z="-4.70378084704437"/>
                    <point x="44.48617737737003" y="0" z="-6.7808570512267"/>
                    <point x="44.122522309019075" y="0" z="-8.843247428977312"/>
                    <point x="43.66330768241985" y="0" z="-10.886485301985001"/>
                    <point x="43.109528054197014" y="0" z="-12.906145471999011"/>
                    <point x="42.46238278771128" y="0" z="-14.897853804823061"/>
                    <point x="41.723273455505456" y="0" z="-16.857296703715985"/>
                    <point x="40.893800803810414" y="0" z="-18.780230451681746"/>
                    <point x="39.975761285685216" y="0" z="-20.662490402415465"/>
                    <point x="38.97114317029977" y="0" z="-22.49999999999994"/>
                    <point x="37.88212223678662" y="0" z="-24.288779607818014"/>
                    <point x="36.71105706198779" y="0" z="-26.024955127559327"/>
                    <point x="35.46048391230254" y="0" z="-27.70476638965456"/>
                    <point x="34.13311125069916" y="0" z="-29.32457529696542"/>
                    <point x="32.731813870787256" y="0" z="-30.88087370409295"/>
                    <point x="31.259626670654946" y="0" z="-32.37029101523924"/>
                    <point x="29.71973807995542" y="0" z="-33.7896014841674"/>
                    <point x="28.115483154478284" y="0" z="-35.135731200449605"/>
                    <point x="26.450336353161376" y="0" z="-36.40576474687257"/>
                    <point x="24.72790401318636" y="0" z="-37.596951513582084"/>
                    <point x="22.951916539455482" y="0" z="-38.706711655291386"/>
                    <point x="21.126220325365185" y="0" z="-39.73264167865166"/>
                    <point x="19.25476942237455" y="0" z="-40.67251964768337"/>
                    <point x="17.341616976410286" y="0" z="-41.524309995994855"/>
                    <point x="15.390906449655212" y="0" z="-42.28616793536583"/>
                    <point x="13.406862646731815" y="0" z="-42.9564434511479"/>
                    <point x="11.393782564716208" y="0" z="-43.53368487582884"/>
                    <point x="9.356026086799305" y="0" z="-44.01664203302123"/>
                    <point x="7.298006539750675" y="0" z="-44.40426894506604"/>
                    <point x="5.224181135635505" y="0" z="-44.69572609838742"/>
                    <point x="3.1390413184857877" y="0" z="-44.89038226169208"/>
                    <point x="1.047103036832688" y="0" z="-44.98781585307577"/>
                    <point x="-1.0471030368323773" y="0" z="-44.98781585307578"/>
                    <point x="-3.139041318485478" y="0" z="-44.8903822616921"/>
                    <point x="-5.224181135635196" y="0" z="-44.69572609838745"/>
                    <point x="-7.298006539750369" y="0" z="-44.40426894506609"/>
                    <point x="-9.356026086799002" y="0" z="-44.01664203302129"/>
                    <point x="-11.39378256471591" y="0" z="-43.53368487582892"/>
                    <point x="-13.406862646731518" y="0" z="-42.95644345114799"/>
                    <point x="-15.39090644965492" y="0" z="-42.28616793536594"/>
                    <point x="-17.34161697641" y="0" z="-41.524309995994976"/>
                    <point x="-19.25476942237427" y="0" z="-40.67251964768351"/>
                    <point x="-21.126220325364915" y="0" z="-39.7326416786518"/>
                    <point x="-22.951916539455212" y="0" z="-38.70671165529154"/>
                    <point x="-24.7279040131861" y="0" z="-37.596951513582255"/>
                    <point x="-26.45033635316112" y="0" z="-36.405764746872755"/>
                    <point x="-28.115483154478046" y="0" z="-35.1357312004498"/>
                    <point x="-29.719738079955185" y="0" z="-33.789601484167605"/>
                    <point x="-31.259626670654722" y="0" z="-32.37029101523945"/>
                    <point x="-32.731813870787036" y="0" z="-30.880873704093172"/>
                    <point x="-34.13311125069897" y="0" z="-29.32457529696564"/>
                    <point x="-35.46048391230237" y="0" z="-27.704766389654772"/>
                    <point x="-36.711057061987646" y="0" z="-26.024955127559533"/>
                    <point x="-37.8821222367865" y="0" z="-24.28877960781821"/>
                    <point x="-38.97114317029967" y="0" z="-22.50000000000012"/>
                    <point x="-39.975761285685124" y="0" z="-20.662490402415635"/>
                    <point x="-40.89380080381034" y="0" z="-18.780230451681906"/>
                    <point x="-41.7232734555054" y="0" z="-16.857296703716127"/>
                    <point x="-42.462382787711235" y="0" z="-14.897853804823185"/>
                    <point x="-43.10952805419698" y="0" z="-12.90614547199912"/>
                    <point x="-43.663307682419834" y="0" z="-10.88648530198509"/>
                    <point x="-44.12252230901906" y="0" z="-8.843247428977381"/>
                    <point x="-44.48617737737002" y="0" z="-6.780857051226751"/>
                    <point x="-44.753485291572304" y="0" z="-4.703780847044401"/>
                    <point x="-44.92386712220707" y="0" z="-2.616517300971391"/>
                    <point x="-44.9969538601693" y="0" z="-0.523586961062828"/>
                    <point x="-44.972587215859306" y="0" z="1.5704773516125976"/>
                    <point x="-44.85081996200277" y="0" z="3.6611403600536923"/>
                    <point x="-44.63191581935676" y="0" z="5.743874153726843"/>
                    <point x="-44.316348885549345" y="0" z="7.8141679950119665"/>
                    <point x="-43.90480260828962" y="0" z="9.867538088455765"/>
                    <point x="-43.39816830517221" y="0" z="11.89953729167423"/>
                    <point x="-42.797543233281864" y="0" z="13.905764746872778"/>
                    <point x="-42.10422821277886" y="0" z="15.88187541212426"/>
                    <point x="-41.31972480961226" y="0" z="17.823589471762226"/>
                    <point x="-40.445732083462424" y="0" z="19.726701605508662"/>
                    <point x="-39.484142907956084" y="0" z="21.58709009626127"/>
                    <point x="-38.43703987112353" y="0" z="23.400725756814893"/>
                    <point x="-37.306690764976736" y="0" z="25.163680656183814"/>
                    <point x="-36.09554367397681" y="0" z="26.872136626625586"/>
                    <point x="-34.806221673028205" y="0" z="28.522393532942182"/>
                    <point x="-33.44151714648254" y="0" z="30.110877286148842"/>
                    <point x="-32.00438574045595" y="0" z="31.634147584155"/>
                    <point x="-30.497939961557712" y="0" z="33.08890536269251"/>
                    <point x="-28.925442435894006" y="0" z="34.47199994035424"/>
                    <point x="-27.290298842946314" y="0" z="35.78043584226837"/>
                    <point x="-25.59605053962802" y="0" z="37.011379287630014"/>
                    <point x="-23.84636689049389" y="0" z="38.16216432703938"/>
                    <point x="-22.045037320713558" y="0" z="39.23029861635451"/>
                    <point x="-20.19596310902042" y="0" z="40.21346881455374"/>
                    <point x="-18.303148938410605" y="0" z="41.10954559391722"/>
                    <point x="-16.37069422289139" y="0" z="41.91658825167657"/>
                    <point x="-14.40278422906327" y="0" z="42.63284891314497"/>
                    <point x="-12.40368101176449" y="0" z="43.256776317224485"/>
                    <point x="-10.377714183409314" y="0" z="43.787019176092194"/>
                    <point x="-8.329271537011643" y="0" z="44.2224291017887"/>
                    <point x="-6.26278954320241" y="0" z="44.56206309337074"/>
                    <point x="-4.182743741822096" y="0" z="44.805185579241254"/>
                    <point x="-2.0936390488980274" y="0" z="44.95127001023363"/>
                </translate>
                <rotate time="2.86" x="0" y="1" z="0"/>
                <scale x="0.5" y="0.5" z="0.5" />
            </transform>
            <models>
                <model file="sphere_10_20_20.3d" />
                <color> 
                    <rgb R="0.86" G="0.75" B="0.66"/>
                </color>
            </models>
            <!--  Calisto -->
            <group>
                <transform>
                    <translate x="6.7" y="7.5" z="8.6"/>
                    <scale x="0.08" y="0.08" z="0.08" />
                </transform>
                <models>
                    <model file="sphere_10_20_20.3d" />
                    <color> 
                        <rgb R="0.85" G="0.85" B="0.85"/> 
                    </color>
                </models>
            </group>
            <!--  Ganimedes -->
            <group>
                <transform>
                    <translate x="-3.7" y="11.5" z="9.6"/>
                    <scale x="0.1" y="0.1" z="0.1" />
                </transform>
                <models>
                    <model file="sphere_10_20_20.3d" />
                    <color> 
                        <rgb R="0.85" G="0.85" B="0.85"/> 
                    </color>
                </models>
            </group>
            <!--  Europa -->
            <group>
                <transform>
                    <translate x="-4.7" y="11.5" z="6.6"/>
                    <scale x="0.06" y="0.06" z="0.06" />
                </transform>
                <models>
                    <model file="sphere_10_20_20.3d" />
                    <color> 
                        <rgb R="0.85" G="0.85" B="0.85"/> 
                    </color>
                </models>
            </group>
        </group>
        <!--  Saturno -->
        <group>
            <transform>
                <translate time = "601.42" align="true">
                    <point x="0.0" y="0" z="59.5"/>
                    <point x="2.0765200537988076" y="0" z="59.4637542076362"/>
                    <point x="4.150510187775455" y="0" z="59.35506099045954"/>
                    <point x="6.219443564425381" y="0" z="59.17405277441226"/>
                    <point x="8.280799507123893" y="0" z="58.92095009012343"/>
                    <point x="10.332066571182354" y="0" z="58.596061304226374"/>
                    <point x="12.37074560365668" y="0" z="58.19978224366144"/>
                    <point x="14.394352788180228" y="0" z="57.73259571342179"/>
                    <point x="16.40042267111145" y="0" z="57.195070908329974"/>
                    <point x="18.38651116530937" y="0" z="56.587862719561635"/>
                    <point x="20.35019852787729" y="0" z="55.91171093676155"/>
                    <point x="22.289092308246765" y="0" z="55.16743934672385"/>
                    <point x="24.200830263010108" y="0" z="54.355954729734755"/>
                    <point x="26.083083233950106" y="0" z="53.47824575480044"/>
                    <point x="27.9335579857605" y="0" z="52.53538177510615"/>
                    <point x="29.749999999999996" y="0" z="51.5285115251741"/>
                    <point x="31.53019622187569" y="0" z="50.45886172130734"/>
                    <point x="33.27197775650944" y="0" z="49.32773556702497"/>
                    <point x="34.973222511402156" y="0" z="48.136511165309365"/>
                    <point x="36.631857781876676" y="0" z="46.88663983959995"/>
                    <point x="38.2458627763491" y="0" z="45.579644365579185"/>
                    <point x="39.813271078352074" y="0" z="44.21711711590495"/>
                    <point x="41.33217304231035" y="0" z="42.80071812014973"/>
                    <point x="42.80071812014976" y="0" z="41.33217304231032"/>
                    <point x="44.21711711590497" y="0" z="39.813271078352045"/>
                    <point x="45.57964436557921" y="0" z="38.24586277634907"/>
                    <point x="46.88663983959997" y="0" z="36.63185778187665"/>
                    <point x="48.136511165309386" y="0" z="34.97322251140213"/>
                    <point x="49.327735567024995" y="0" z="33.27197775650941"/>
                    <point x="50.458861721307365" y="0" z="31.530196221875674"/>
                    <point x="51.52851152517412" y="0" z="29.74999999999997"/>
                    <point x="52.53538177510617" y="0" z="27.93355798576047"/>
                    <point x="53.478245754800454" y="0" z="26.083083233950074"/>
                    <point x="54.35595472973477" y="0" z="24.200830263010076"/>
                    <point x="55.16743934672387" y="0" z="22.289092308246726"/>
                    <point x="55.911710936761565" y="0" z="20.350198527877247"/>
                    <point x="56.587862719561656" y="0" z="18.386511165309322"/>
                    <point x="57.19507090832999" y="0" z="16.4004226711114"/>
                    <point x="57.7325957134218" y="0" z="14.394352788180175"/>
                    <point x="58.199782243661446" y="0" z="12.370745603656623"/>
                    <point x="58.59606130422639" y="0" z="10.332066571182295"/>
                    <point x="58.92095009012344" y="0" z="8.280799507123831"/>
                    <point x="59.17405277441227" y="0" z="6.2194435644253145"/>
                    <point x="59.35506099045955" y="0" z="4.150510187775385"/>
                    <point x="59.4637542076362" y="0" z="2.076520053798735"/>
                    <point x="59.5" y="0" z="-7.562659973077281e-14"/>
                    <point x="59.46375420763619" y="0" z="-2.076520053798886"/>
                    <point x="59.35506099045954" y="0" z="-4.150510187775536"/>
                    <point x="59.17405277441225" y="0" z="-6.219443564425465"/>
                    <point x="58.920950090123426" y="0" z="-8.28079950712398"/>
                    <point x="58.59606130422637" y="0" z="-10.332066571182445"/>
                    <point x="58.19978224366142" y="0" z="-12.370745603656772"/>
                    <point x="57.732595713421766" y="0" z="-14.394352788180322"/>
                    <point x="57.195070908329946" y="0" z="-16.400422671111546"/>
                    <point x="56.587862719561606" y="0" z="-18.386511165309468"/>
                    <point x="55.91171093676151" y="0" z="-20.35019852787739"/>
                    <point x="55.16743934672381" y="0" z="-22.289092308246865"/>
                    <point x="54.355954729734705" y="0" z="-24.20083026301021"/>
                    <point x="53.47824575480038" y="0" z="-26.08308323395021"/>
                    <point x="52.535381775106096" y="0" z="-27.9335579857606"/>
                    <point x="51.52851152517404" y="0" z="-29.750000000000107"/>
                    <point x="50.45886172130728" y="0" z="-31.530196221875798"/>
                    <point x="49.32773556702491" y="0" z="-33.27197775650954"/>
                    <point x="48.136511165309294" y="0" z="-34.97322251140225"/>
                    <point x="46.88663983959987" y="0" z="-36.63185778187677"/>
                    <point x="45.57964436557911" y="0" z="-38.24586277634919"/>
                    <point x="44.21711711590486" y="0" z="-39.813271078352166"/>
                    <point x="42.80071812014965" y="0" z="-41.33217304231044"/>
                    <point x="41.33217304231024" y="0" z="-42.80071812014984"/>
                    <point x="39.81327107835196" y="0" z="-44.217117115905054"/>
                    <point x="38.24586277634898" y="0" z="-45.57964436557929"/>
                    <point x="36.63185778187655" y="0" z="-46.88663983960004"/>
                    <point x="34.97322251140203" y="0" z="-48.13651116530946"/>
                    <point x="33.27197775650931" y="0" z="-49.327735567025066"/>
                    <point x="31.53019622187556" y="0" z="-50.45886172130743"/>
                    <point x="29.74999999999986" y="0" z="-51.52851152517418"/>
                    <point x="27.93355798576036" y="0" z="-52.53538177510623"/>
                    <point x="26.083083233949957" y="0" z="-53.47824575480051"/>
                    <point x="24.20083026300996" y="0" z="-54.355954729734826"/>
                    <point x="22.289092308246605" y="0" z="-55.16743934672392"/>
                    <point x="20.350198527877122" y="0" z="-55.91171093676161"/>
                    <point x="18.3865111653092" y="0" z="-56.58786271956169"/>
                    <point x="16.40042267111128" y="0" z="-57.195070908330024"/>
                    <point x="14.394352788180052" y="0" z="-57.73259571342184"/>
                    <point x="12.370745603656498" y="0" z="-58.199782243661474"/>
                    <point x="10.332066571182168" y="0" z="-58.59606130422641"/>
                    <point x="8.280799507123703" y="0" z="-58.92095009012346"/>
                    <point x="6.2194435644251875" y="0" z="-59.17405277441229"/>
                    <point x="4.150510187775257" y="0" z="-59.355060990459556"/>
                    <point x="2.076520053798607" y="0" z="-59.46375420763621"/>
                    <point x="-2.0409981543370308e-13" y="0" z="-59.5"/>
                    <point x="-2.0765200537990145" y="0" z="-59.46375420763619"/>
                    <point x="-4.150510187775664" y="0" z="-59.35506099045953"/>
                    <point x="-6.2194435644255925" y="0" z="-59.17405277441224"/>
                    <point x="-8.280799507124106" y="0" z="-58.920950090123405"/>
                    <point x="-10.33206657118257" y="0" z="-58.596061304226346"/>
                    <point x="-12.370745603656896" y="0" z="-58.19978224366139"/>
                    <point x="-14.394352788180447" y="0" z="-57.73259571342174"/>
                    <point x="-16.400422671111667" y="0" z="-57.19507090832991"/>
                    <point x="-18.386511165309592" y="0" z="-56.58786271956157"/>
                    <point x="-20.35019852787751" y="0" z="-55.91171093676147"/>
                    <point x="-22.289092308246982" y="0" z="-55.16743934672376"/>
                    <point x="-24.20083026301033" y="0" z="-54.35595472973466"/>
                    <point x="-26.083083233950322" y="0" z="-53.478245754800334"/>
                    <point x="-27.933557985760718" y="0" z="-52.53538177510604"/>
                    <point x="-29.750000000000213" y="0" z="-51.528511525173975"/>
                    <point x="-31.530196221875908" y="0" z="-50.458861721307215"/>
                    <point x="-33.27197775650964" y="0" z="-49.32773556702484"/>
                    <point x="-34.973222511402355" y="0" z="-48.13651116530922"/>
                    <point x="-36.631857781876874" y="0" z="-46.886639839599795"/>
                    <point x="-38.24586277634929" y="0" z="-45.57964436557903"/>
                    <point x="-39.81327107835226" y="0" z="-44.21711711590478"/>
                    <point x="-41.33217304231053" y="0" z="-42.800718120149554"/>
                    <point x="-42.80071812014993" y="0" z="-41.332173042310146"/>
                    <point x="-44.21711711590514" y="0" z="-39.81327107835186"/>
                    <point x="-45.57964436557935" y="0" z="-38.2458627763489"/>
                    <point x="-46.88663983960009" y="0" z="-36.63185778187649"/>
                    <point x="-48.13651116530949" y="0" z="-34.973222511401985"/>
                    <point x="-49.32773556702508" y="0" z="-33.27197775650929"/>
                    <point x="-50.45886172130743" y="0" z="-31.530196221875567"/>
                    <point x="-51.52851152517416" y="0" z="-29.749999999999886"/>
                    <point x="-52.5353817751062" y="0" z="-27.93355798576041"/>
                    <point x="-53.47824575480047" y="0" z="-26.08308323395003"/>
                    <point x="-54.355954729734776" y="0" z="-24.200830263010054"/>
                    <point x="-55.16743934672387" y="0" z="-22.289092308246733"/>
                    <point x="-55.91171093676155" y="0" z="-20.35019852787728"/>
                    <point x="-56.587862719561635" y="0" z="-18.38651116530938"/>
                    <point x="-57.19507090832996" y="0" z="-16.40042267111148"/>
                    <point x="-57.73259571342178" y="0" z="-14.394352788180285"/>
                    <point x="-58.19978224366142" y="0" z="-12.37074560365676"/>
                    <point x="-58.59606130422637" y="0" z="-10.332066571182459"/>
                    <point x="-58.92095009012342" y="0" z="-8.280799507124021"/>
                    <point x="-59.174052774412246" y="0" z="-6.219443564425533"/>
                    <point x="-59.355060990459535" y="0" z="-4.15051018777563"/>
                    <point x="-59.46375420763619" y="0" z="-2.076520053799006"/>
                    <point x="-59.5" y="0" z="-2.2231643657101992e-13"/>
                    <point x="-59.46375420763621" y="0" z="2.076520053798562"/>
                    <point x="-59.355060990459556" y="0" z="4.150510187775186"/>
                    <point x="-59.174052774412296" y="0" z="6.21944356442509"/>
                    <point x="-58.920950090123476" y="0" z="8.28079950712358"/>
                    <point x="-58.59606130422644" y="0" z="10.332066571182022"/>
                    <point x="-58.19978224366151" y="0" z="12.370745603656324"/>
                    <point x="-57.73259571342188" y="0" z="14.394352788179853"/>
                    <point x="-57.19507090833009" y="0" z="16.400422671111055"/>
                    <point x="-56.58786271956178" y="0" z="18.386511165308956"/>
                    <point x="-55.9117109367617" y="0" z="20.35019852787686"/>
                    <point x="-55.16743934672403" y="0" z="22.289092308246317"/>
                    <point x="-54.355954729734954" y="0" z="24.20083026300965"/>
                    <point x="-53.47824575480067" y="0" z="26.08308323394963"/>
                    <point x="-52.535381775106416" y="0" z="27.933557985760014"/>
                    <point x="-51.52851152517439" y="0" z="29.749999999999503"/>
                    <point x="-50.45886172130766" y="0" z="31.53019622187519"/>
                    <point x="-49.32773556702533" y="0" z="33.27197775650892"/>
                    <point x="-48.13651116530975" y="0" z="34.97322251140163"/>
                    <point x="-46.88663983960037" y="0" z="36.63185778187614"/>
                    <point x="-45.57964436557964" y="0" z="38.24586277634856"/>
                    <point x="-44.21711711590544" y="0" z="39.813271078351534"/>
                    <point x="-42.80071812015026" y="0" z="41.332173042309805"/>
                    <point x="-41.33217304231089" y="0" z="42.80071812014921"/>
                    <point x="-39.81327107835265" y="0" z="44.21711711590443"/>
                    <point x="-38.24586277634971" y="0" z="45.57964436557867"/>
                    <point x="-36.63185778187733" y="0" z="46.88663983959945"/>
                    <point x="-34.973222511402845" y="0" z="48.13651116530887"/>
                    <point x="-33.27197775651017" y="0" z="49.32773556702449"/>
                    <point x="-31.530196221876466" y="0" z="50.45886172130686"/>
                    <point x="-29.750000000000806" y="0" z="51.528511525173634"/>
                    <point x="-27.933557985761343" y="0" z="52.535381775105705"/>
                    <point x="-26.083083233950983" y="0" z="53.47824575480001"/>
                    <point x="-24.200830263011028" y="0" z="54.35595472973435"/>
                    <point x="-22.289092308247717" y="0" z="55.16743934672347"/>
                    <point x="-20.350198527878273" y="0" z="55.91171093676119"/>
                    <point x="-18.38651116531039" y="0" z="56.58786271956131"/>
                    <point x="-16.400422671112505" y="0" z="57.19507090832967"/>
                    <point x="-14.394352788181315" y="0" z="57.73259571342152"/>
                    <point x="-12.370745603657797" y="0" z="58.199782243661204"/>
                    <point x="-10.332066571183503" y="0" z="58.596061304226176"/>
                    <point x="-8.28079950712507" y="0" z="58.92095009012327"/>
                    <point x="-6.219443564426587" y="0" z="59.17405277441213"/>
                    <point x="-4.150510187776688" y="0" z="59.35506099045946"/>
                    <point x="-2.0765200538000665" y="0" z="59.46375420763615"/>
                </translate>
                <scale x="0.41" y="0.41" z="0.41" />
                <rotate time="3" x="0" y="1" z="0"/>
            </transform>
            <models>
                <model file="sphere_10_20_20.3d" />
                <color> 
                    <rgb R="0.93" G="0.82" B="0.59"/>
                </color>
            </models>
            <!--  Anel -->
            <group>
                <transform>
                    <rotate angle="63" x="1" y="0" z="0"/>
                    <scale x="0.41" y="0.41" z="0" />
                </transform>
                <models>
                    <model file="torus_31_27_50_50.3d" />
                    <color> 
                        <rgb R="0.65" G="0.60" B="0.55"/>
                    </color>
                </models>
            </group>
            <!--  Mimas -->
            <group>
                <transform>
                    <translate x="-4.7" y="11.5" z="6.6"/>
                    <scale x="0.02" y="0.02" z="0.02" />
                </transform>
                <models>
                    <model file="sphere_10_20_20.3d" />
                    <color> 
                        <rgb R="0.85" G="0.85" B="0.85"/> 
                    </color>
                </models>
            </group>    
            <!--  Tétis -->
            <group>
                <transform>
                    <translate x="4.7" y="11.5" z="6.6"/>
                    <scale x="0.02" y="0.02" z="0.02" />
                </transform>
                <models>
                    <model file="sphere_10_20_20.3d" />
                    <color> 
                        <rgb R="0.85" G="0.85" B="0.85"/> 
                    </color>
                </models>
            </group>
            <!--  Dione -->
            <group>
                <transform>
                    <translate x="4.7" y="13.5" z="4.6"/>
                    <scale x="0.03" y="0.03" z="0.03" />
                </transform>
                <models>
                    <model file="sphere_10_20_20.3d" />
                    <color> 
                        <rgb R="0.85" G="0.85" B="0.85"/> 
                    </color>
                </models>
            </group>
        </group>
        <!--  Urano -->
        <group>
            <transform>
                <translate time = "1742.045" align="true">
                   <point x="0.0" y="0" z="70.8"/>
                   <point x="2.068773032093722" y="0" z="70.7697688150928"/>
                   <point x="4.135779356276024" y="0" z="70.67910107744864"/>
                   <point x="6.199253773383329" y="0" z="70.5280742162523"/>
                   <point x="8.257434100459282" y="0" z="70.31681720667234"/>
                   <point x="10.308562675638344" y="0" z="70.0455104597178"/>
                   <point x="12.350887859168404" y="0" z="69.71438566816927"/>
                   <point x="14.382665529290595" y="0" z="69.32372560871606"/>
                   <point x="16.402160571698822" y="0" z="68.87386390046814"/>
                   <point x="18.407648361307032" y="0" z="68.36518472004936"/>
                   <point x="20.39741623505882" y="0" z="67.79812247351514"/>
                   <point x="22.36976495452159" y="0" z="67.17316142537477"/>
                   <point x="24.323010157016267" y="0" z="66.4908352850352"/>
                   <point x="26.255483794043244" y="0" z="65.75172675101949"/>
                   <point x="28.165535555776277" y="0" z="64.95646701334904"/>
                   <point x="30.051534280407704" y="0" z="64.10573521451478"/>
                   <point x="31.911869347141508" y="0" z="63.20025786949742"/>
                   <point x="33.74495205164458" y="0" z="62.24080824533216"/>
                   <point x="35.549216962781614" y="0" z="61.22820570074775"/>
                   <point x="37.323123259474926" y="0" z="60.1633149864437"/>
                   <point x="39.06515604654757" y="0" z="59.047045506603354"/>
                   <point x="40.773827648426106" y="0" z="57.88035054227335"/>
                   <point x="42.447678879598044" y="0" z="56.6642264372728"/>
                   <point x="44.08528029073917" y="0" z="55.39971174732739"/>
                   <point x="45.685233389446545" y="0" z="54.087886353154886"/>
                   <point x="47.246171834534564" y="0" z="52.72987053825974"/>
                   <point x="48.76676260287437" y="0" z="51.32682403222406"/>
                   <point x="50.245707127779916" y="0" z="49.879945020312185"/>
                   <point x="51.681742407968706" y="0" z="48.39046912023449"/>
                   <point x="53.07364208615012" y="0" z="46.85966832694437"/>
                   <point x="54.4202174963201" y="0" z="45.288849926369465"/>
                   <point x="55.72031867886801" y="0" z="43.67935537900477"/>
                   <point x="56.97283536262866" y="0" z="42.03255917432115"/>
                   <point x="58.17669791304086" y="0" z="40.349867656967426"/>
                   <point x="59.33087824560281" y="0" z="38.632717825768545"/>
                   <point x="60.43439070384416" y="0" z="36.882576106545415"/>
                   <point x="61.48629290106512" y="0" z="35.100937099804455"/>
                   <point x="62.48568652512364" y="0" z="33.28932230436633"/>
                   <point x="63.43171810558346" y="0" z="31.44927881802372"/>
                   <point x="64.32357974256782" y="0" z="29.582378016338016"/>
                   <point x="65.16050979669652" y="0" z="27.690214210702973"/>
                   <point x="65.941793539517" y="0" z="25.774403286821492"/>
                   <point x="66.66676376387404" y="0" z="23.836581324758196"/>
                   <point x="67.3348013536969" y="0" z="21.878403201746192"/>
                   <point x="67.94533581271713" y="0" z="19.901541178941354"/>
                   <point x="68.49784575166574" y="0" z="17.907683473330902"/>
                   <point x="68.99185933353344" y="0" z="15.898532816015878"/>
                   <point x="69.42695467651406" y="0" z="13.875804998098761"/>
                   <point x="69.8027602142865" y="0" z="11.841227405417978"/>
                   <point x="70.11895501332812" y="0" z="9.79653754338066"/>
                   <point x="70.37526904698818" y="0" z="7.743481553153391"/>
                   <point x="70.57148342608741" y="0" z="5.683812720478132"/>
                   <point x="70.70743058584684" y="0" z="3.619289978386753"/>
                   <point x="70.7829944289861" y="0" z="1.5516764050928498"/>
                   <point x="70.79811042486921" y="0" z="-0.5172622816563787"/>
                   <point x="70.75276566461294" y="0" z="-2.585759232482379"/>
                   <point x="70.64699887211083" y="0" z="-4.652047975243898"/>
                   <point x="70.48090037096348" y="0" z="-6.714363923583473"/>
                   <point x="70.25461200734324" y="0" z="-8.7709458838635"/>
                   <point x="69.96832702885924" y="0" z="-10.820037559204936"/>
                   <point x="69.62228991952617" y="0" z="-12.859889049344249"/>
                   <point x="69.21679619097786" y="0" z="-14.888758345027721"/>
                   <point x="68.75219213010375" y="0" z="-16.904912815666925"/>
                   <point x="68.22887450332398" y="0" z="-18.90663068898493"/>
                   <point x="67.64729021775551" y="0" z="-20.89220252138963"/>
                   <point x="67.00793593955869" y="0" z="-22.85993265781855"/>
                   <point x="66.31135766979016" y="0" z="-24.808140679808357"/>
                   <point x="65.55815027812437" y="0" z="-26.735162840552544"/>
                   <point x="64.74895699484186" y="0" z="-28.639353485721674"/>
                   <point x="63.884468861518144" y="0" z="-30.519086458832916"/>
                   <point x="62.965424140882256" y="0" z="-32.37275648996857"/>
                   <point x="61.992607686349096" y="0" z="-34.19878056665779"/>
                   <point x="60.96685027176381" y="0" z="-35.995599285750636"/>
                   <point x="59.88902788193065" y="0" z="-37.76167818513013"/>
                   <point x="58.7600609645322" y="0" z="-39.49550905412486"/>
                   <point x="57.58091364407791" y="0" z="-41.19561122150323"/>
                   <point x="56.352592898553006" y="0" z="-42.86053281994932"/>
                   <point x="55.07614769947115" y="0" z="-44.488852025940595"/>
                   <point x="53.75266811606503" y="0" z="-46.07917827396844"/>
                   <point x="52.38328438438005" y="0" z="-47.630153444064874"/>
                   <point x="50.96916594206595" y="0" z="-49.14045302162104"/>
                   <point x="49.51152042969083" y="0" z="-50.60878722850714"/>
                   <point x="48.011592659430214" y="0" z="-52.03390212452787"/>
                   <point x="46.47066355201208" y="0" z="-53.41458067827263"/>
                   <point x="44.89004904282556" y="0" z="-54.74964380644605"/>
                   <point x="43.27109895812754" y="0" z="-56.037951380791334"/>
                   <point x="41.6151958623069" y="0" z="-57.27840320174642"/>
                   <point x="39.9237538771907" y="0" z="-58.469939938001474"/>
                   <point x="38.19821747440076" y="0" z="-59.61154403115544"/>
                   <point x="36.44006024179178" y="0" z="-60.702240564698975"/>
                   <point x="34.65078362502463" y="0" z="-61.7410980965817"/>
                   <point x="32.831915645349355" y="0" z="-62.727229454652814"/>
                   <point x="30.98500959469296" y="0" z="-63.65979249429568"/>
                   <point x="29.11164270916627" y="0" z="-64.53799081760948"/>
                   <point x="27.213414822122818" y="0" z="-65.36107445352368"/>
                   <point x="25.29194699791994" y="0" z="-66.12834049826449"/>
                   <point x="23.34888014754878" y="0" z="-66.83913371562652"/>
                   <point x="21.385873627315576" y="0" z="-67.49284709653675"/>
                   <point x="19.4046038217708" y="0" z="-68.08892237743315"/>
                   <point x="17.40676271209646" y="0" z="-68.62685051701534"/>
                   <point x="15.394056431173944" y="0" z="-69.1061721309597"/>
                   <point x="13.368203806566612" y="0" z="-69.52647788422838"/>
                   <point x="11.330934892661162" y="0" z="-69.88740884063648"/>
                   <point x="9.28398949322149" y="0" z="-70.18865676937943"/>
                   <point x="7.229115675616675" y="0" z="-70.42996440825846"/>
                   <point x="5.168068277991941" y="0" z="-70.61112568337948"/>
                   <point x="3.1026074106574617" y="0" z="-70.7319858851378"/>
                   <point x="1.03449695297479" y="0" z="-70.7924418003383"/>
                   <point x="-1.034496952975433" y="0" z="-70.7924418003383"/>
                   <point x="-3.1026074106581043" y="0" z="-70.73198588513777"/>
                   <point x="-5.168068277992582" y="0" z="-70.61112568337943"/>
                   <point x="-7.229115675617314" y="0" z="-70.42996440825839"/>
                   <point x="-9.283989493222128" y="0" z="-70.18865676937935"/>
                   <point x="-11.330934892661796" y="0" z="-69.88740884063638"/>
                   <point x="-13.368203806567246" y="0" z="-69.52647788422826"/>
                   <point x="-15.394056431174572" y="0" z="-69.10617213095956"/>
                   <point x="-17.40676271209708" y="0" z="-68.62685051701519"/>
                   <point x="-19.40460382177142" y="0" z="-68.08892237743298"/>
                   <point x="-21.385873627316187" y="0" z="-67.49284709653655"/>
                   <point x="-23.34888014754939" y="0" z="-66.8391337156263"/>
                   <point x="-25.29194699792054" y="0" z="-66.12834049826427"/>
                   <point x="-27.21341482212341" y="0" z="-65.36107445352343"/>
                   <point x="-29.111642709166855" y="0" z="-64.53799081760921"/>
                   <point x="-30.985009594693537" y="0" z="-63.6597924942954"/>
                   <point x="-32.83191564534993" y="0" z="-62.727229454652516"/>
                   <point x="-34.650783625025184" y="0" z="-61.74109809658139"/>
                   <point x="-36.440060241792324" y="0" z="-60.70224056469865"/>
                   <point x="-38.1982174744013" y="0" z="-59.6115440311551"/>
                   <point x="-39.92375387719124" y="0" z="-58.46993993800111"/>
                   <point x="-41.61519586230742" y="0" z="-57.278403201746045"/>
                   <point x="-43.27109895812805" y="0" z="-56.037951380790936"/>
                   <point x="-44.89004904282605" y="0" z="-54.74964380644564"/>
                   <point x="-46.47066355201257" y="0" z="-53.4145806782722"/>
                   <point x="-48.01159265943069" y="0" z="-52.03390212452744"/>
                   <point x="-49.51152042969129" y="0" z="-50.60878722850669"/>
                   <point x="-50.9691659420664" y="0" z="-49.14045302162057"/>
                   <point x="-52.38328438438048" y="0" z="-47.630153444064405"/>
                   <point x="-53.75266811606543" y="0" z="-46.079178273967976"/>
                   <point x="-55.07614769947151" y="0" z="-44.48885202594015"/>
                   <point x="-56.35259289855333" y="0" z="-42.86053281994889"/>
                   <point x="-57.58091364407821" y="0" z="-41.1956112215028"/>
                   <point x="-58.76006096453247" y="0" z="-39.495509054124454"/>
                   <point x="-59.889027881930886" y="0" z="-37.761678185129746"/>
                   <point x="-60.96685027176403" y="0" z="-35.995599285750274"/>
                   <point x="-61.99260768634929" y="0" z="-34.19878056665745"/>
                   <point x="-62.96542414088242" y="0" z="-32.37275648996825"/>
                   <point x="-63.884468861518286" y="0" z="-30.51908645883262"/>
                   <point x="-64.74895699484199" y="0" z="-28.639353485721404"/>
                   <point x="-65.55815027812447" y="0" z="-26.7351628405523"/>
                   <point x="-66.31135766979023" y="0" z="-24.80814067980814"/>
                   <point x="-67.00793593955875" y="0" z="-22.85993265781836"/>
                   <point x="-67.64729021775555" y="0" z="-20.892202521389468"/>
                   <point x="-68.22887450332402" y="0" z="-18.90663068898479"/>
                   <point x="-68.75219213010378" y="0" z="-16.90491281566682"/>
                   <point x="-69.21679619097787" y="0" z="-14.888758345027647"/>
                   <point x="-69.62228991952618" y="0" z="-12.859889049344204"/>
                   <point x="-69.96832702885924" y="0" z="-10.820037559204922"/>
                   <point x="-70.25461200734324" y="0" z="-8.770945883863517"/>
                   <point x="-70.48090037096348" y="0" z="-6.714363923583522"/>
                   <point x="-70.64699887211081" y="0" z="-4.652047975243977"/>
                   <point x="-70.75276566461294" y="0" z="-2.5857592324824905"/>
                   <point x="-70.79811042486921" y="0" z="-0.5172622816565218"/>
                   <point x="-70.78299442898611" y="0" z="1.5516764050926755"/>
                   <point x="-70.70743058584685" y="0" z="3.619289978386548"/>
                   <point x="-70.57148342608743" y="0" z="5.683812720477896"/>
                   <point x="-70.37526904698821" y="0" z="7.743481553153123"/>
                   <point x="-70.11895501332816" y="0" z="9.796537543380362"/>
                   <point x="-69.80276021428655" y="0" z="11.84122740541765"/>
                   <point x="-69.42695467651413" y="0" z="13.875804998098403"/>
                   <point x="-68.99185933353354" y="0" z="15.898532816015493"/>
                   <point x="-68.49784575166584" y="0" z="17.907683473330486"/>
                   <point x="-67.94533581271726" y="0" z="19.901541178940914"/>
                   <point x="-67.33480135369705" y="0" z="21.878403201745723"/>
                   <point x="-66.66676376387421" y="0" z="23.836581324757706"/>
                   <point x="-65.94179353951719" y="0" z="25.774403286820984"/>
                   <point x="-65.16050979669674" y="0" z="27.690214210702432"/>
                   <point x="-64.32357974256807" y="0" z="29.582378016337458"/>
                   <point x="-63.43171810558374" y="0" z="31.449278818023146"/>
                   <point x="-62.48568652512396" y="0" z="33.28932230436573"/>
                   <point x="-61.48629290106547" y="0" z="35.10093709980384"/>
                   <point x="-60.43439070384454" y="0" z="36.882576106544775"/>
                   <point x="-59.33087824560323" y="0" z="38.6327178257679"/>
                   <point x="-58.17669791304133" y="0" z="40.349867656966765"/>
                   <point x="-56.972835362629155" y="0" z="42.03255917432048"/>
                   <point x="-55.720318678868544" y="0" z="43.67935537900409"/>
                   <point x="-54.420217496320674" y="0" z="45.288849926368776"/>
                   <point x="-53.073642086150734" y="0" z="46.859668326943684"/>
                   <point x="-51.68174240796937" y="0" z="48.390469120233796"/>
                   <point x="-50.24570712778061" y="0" z="49.87994502031148"/>
                   <point x="-48.76676260287512" y="0" z="51.32682403222335"/>
                   <point x="-47.24617183453535" y="0" z="52.72987053825903"/>
                   <point x="-45.68523338944737" y="0" z="54.08788635315419"/>
                   <point x="-44.085280290740045" y="0" z="55.39971174732669"/>
                   <point x="-42.44767887959896" y="0" z="56.66422643727211"/>
                   <point x="-40.77382764842707" y="0" z="57.88035054227266"/>
                   <point x="-39.06515604654859" y="0" z="59.04704550660268"/>
                   <point x="-37.32312325947598" y="0" z="60.16331498644305"/>
                   <point x="-35.54921696278272" y="0" z="61.22820570074711"/>
                   <point x="-33.744952051645726" y="0" z="62.24080824533154"/>
                   <point x="-31.911869347142698" y="0" z="63.20025786949682"/>
                   <point x="-30.051534280408937" y="0" z="64.1057352145142"/>
                   <point x="-28.165535555777552" y="0" z="64.95646701334849"/>
                   <point x="-26.25548379404456" y="0" z="65.75172675101896"/>
                   <point x="-24.32301015701762" y="0" z="66.49083528503472"/>
                   <point x="-22.36976495452299" y="0" z="67.1731614253743"/>
                   <point x="-20.397416235060255" y="0" z="67.79812247351471"/>
                   <point x="-18.407648361308507" y="0" z="68.36518472004896"/>
                   <point x="-16.402160571700335" y="0" z="68.87386390046778"/>
                   <point x="-14.382665529292145" y="0" z="69.32372560871575"/>
                   <point x="-12.35088785916999" y="0" z="69.714385668169"/>
                   <point x="-10.308562675639966" y="0" z="70.04551045971756"/>
                   <point x="-8.257434100460937" y="0" z="70.31681720667216"/>
                   <point x="-6.199253773385016" y="0" z="70.52807421625215"/>
                   <point x="-4.135779356277744" y="0" z="70.67910107744854"/>
                   <point x="-2.0687730320954714" y="0" z="70.76976881509275"/>
                </translate>
                <rotate time="4.84" x="0" y="1" z="0"/>
                <scale x="0.18" y="0.18" z="0.18" />
            </transform>
            <models>
                <model file="sphere_10_20_20.3d" />
                <color> 
                    <rgb R="0.69" G="0.88" B="0.90"/>
                </color>
            </models>
            <!--  Miranda -->
            <group>
                <transform>
                    <translate x="4.7" y="11.5" z="6.6"/>
                    <scale x="0.03" y="0.03" z="0.03" />
                </transform>
                <models>
                    <model file="sphere_10_20_20.3d" />
                    <color> 
                        <rgb R="0.85" G="0.85" B="0.85"/> 
                    </color>
                </models>
            </group>
        </group>
        <!--  Neptuno -->
        <group>
            <transform>
                <translate time = "3421.875" align="true">
                   <point x="0.0" y="0" z="79.8"/>
                   <point x="2.088920474968277" y="0" z="79.77265453304946"/>
                   <point x="4.176409308186917" y="0" z="79.69063687341499"/>
                   <point x="6.261035839082027" y="0" z="79.55400323190361"/>
                   <point x="8.341371368758745" y="0" z="79.3628472503882"/>
                   <point x="10.415990139160115" y="0" z="79.11729993763007"/>
                   <point x="12.483470310210423" y="0" z="78.81752957949199"/>
                   <point x="14.542394934273368" y="0" z="78.46374162360358"/>
                   <point x="16.591352927257194" y="0" z="78.05617853855769"/>
                   <point x="18.628940035701252" y="0" z="77.59511964773459"/>
                   <point x="20.65375979918116" y="0" z="77.08088093786765"/>
                   <point x="22.664424507373027" y="0" z="76.5138148424818"/>
                   <point x="24.6595561511208" y="0" z="75.89431000035324"/>
                   <point x="26.637787366854916" y="0" z="75.22279098915584"/>
                   <point x="28.597762373714957" y="0" z="74.4997180344767"/>
                   <point x="30.53813790273416" y="0" z="73.72558669440068"/>
                   <point x="32.45758411744885" y="0" z="72.90092751987956"/>
                   <point x="34.35478552530194" y="0" z="72.02630569111888"/>
                   <point x="36.22844187921582" y="0" z="71.10232063023176"/>
                   <point x="38.07726906871674" y="0" z="70.12960559042484"/>
                   <point x="39.899999999999984" y="0" z="69.10882722199821"/>
                   <point x="41.695385464332716" y="0" z="68.04068511545657"/>
                   <point x="43.46219499419915" y="0" z="66.92591132204484"/>
                   <point x="45.19921770660166" y="0" z="65.76526985203685"/>
                   <point x="46.90526313293935" y="0" z="64.5595561511208"/>
                   <point x="48.57916203489591" y="0" z="63.30959655524057"/>
                   <point x="50.21976720577703" y="0" z="62.01624772426628"/>
                   <point x="51.825954256748666" y="0" z="60.680396054882465"/>
                   <point x="53.39662238743689" y="0" z="59.30295707309605"/>
                   <point x="54.93069514036158" y="0" z="57.884874806780545"/>
                   <point x="56.4271211386865" y="0" z="56.42712113868647"/>
                   <point x="57.88487480678056" y="0" z="54.93069514036155"/>
                   <point x="59.302957073096074" y="0" z="53.39662238743687"/>
                   <point x="60.680396054882486" y="0" z="51.82595425674864"/>
                   <point x="62.01624772426629" y="0" z="50.219767205777"/>
                   <point x="63.30959655524058" y="0" z="48.57916203489588"/>
                   <point x="64.55955615112082" y="0" z="46.905263132939325"/>
                   <point x="65.76526985203687" y="0" z="45.19921770660163"/>
                   <point x="66.92591132204485" y="0" z="43.46219499419912"/>
                   <point x="68.04068511545657" y="0" z="41.69538546433269"/>
                   <point x="69.10882722199821" y="0" z="39.89999999999998"/>
                   <point x="70.12960559042484" y="0" z="38.07726906871673"/>
                   <point x="71.10232063023176" y="0" z="36.22844187921582"/>
                   <point x="72.02630569111888" y="0" z="34.35478552530194"/>
                   <point x="72.90092751987955" y="0" z="32.45758411744885"/>
                   <point x="73.72558669440068" y="0" z="30.538137902734167"/>
                   <point x="74.4997180344767" y="0" z="28.597762373714968"/>
                   <point x="75.22279098915583" y="0" z="26.637787366854933"/>
                   <point x="75.89431000035324" y="0" z="24.659556151120825"/>
                   <point x="76.51381484248179" y="0" z="22.66442450737305"/>
                   <point x="77.08088093786763" y="0" z="20.65375979918119"/>
                   <point x="77.59511964773458" y="0" z="18.62894003570129"/>
                   <point x="78.05617853855767" y="0" z="16.59135292725724"/>
                   <point x="78.46374162360357" y="0" z="14.542394934273416"/>
                   <point x="78.81752957949199" y="0" z="12.48347031021048"/>
                   <point x="79.11729993763005" y="0" z="10.41599013916018"/>
                   <point x="79.3628472503882" y="0" z="8.341371368758816"/>
                   <point x="79.5540032319036" y="0" z="6.261035839082101"/>
                   <point x="79.69063687341499" y="0" z="4.176409308186999"/>
                   <point x="79.77265453304946" y="0" z="2.088920474968365"/>
                   <point x="79.8" y="0" z="9.348213809368543e-14"/>
                   <point x="79.77265453304946" y="0" z="-2.088920474968178"/>
                   <point x="79.690636873415" y="0" z="-4.1764093081868126"/>
                   <point x="79.55400323190362" y="0" z="-6.261035839081916"/>
                   <point x="79.36284725038823" y="0" z="-8.341371368758631"/>
                   <point x="79.11729993763008" y="0" z="-10.415990139159993"/>
                   <point x="78.817529579492" y="0" z="-12.483470310210295"/>
                   <point x="78.4637416236036" y="0" z="-14.542394934273233"/>
                   <point x="78.05617853855772" y="0" z="-16.591352927257056"/>
                   <point x="77.59511964773462" y="0" z="-18.628940035701106"/>
                   <point x="77.08088093786769" y="0" z="-20.653759799181007"/>
                   <point x="76.51381484248185" y="0" z="-22.66442450737287"/>
                   <point x="75.8943100003533" y="0" z="-24.659556151120647"/>
                   <point x="75.22279098915588" y="0" z="-26.63778736685476"/>
                   <point x="74.49971803447676" y="0" z="-28.597762373714797"/>
                   <point x="73.72558669440075" y="0" z="-30.538137902733997"/>
                   <point x="72.90092751987963" y="0" z="-32.45758411744868"/>
                   <point x="72.02630569111895" y="0" z="-34.35478552530177"/>
                   <point x="71.10232063023183" y="0" z="-36.22844187921567"/>
                   <point x="70.12960559042492" y="0" z="-38.077269068716596"/>
                   <point x="69.10882722199828" y="0" z="-39.899999999999864"/>
                   <point x="68.04068511545664" y="0" z="-41.69538546433259"/>
                   <point x="66.92591132204491" y="0" z="-43.462194994199045"/>
                   <point x="65.76526985203692" y="0" z="-45.19921770660155"/>
                   <point x="64.55955615112087" y="0" z="-46.90526313293927"/>
                   <point x="63.309596555240624" y="0" z="-48.57916203489583"/>
                   <point x="62.01624772426633" y="0" z="-50.21976720577696"/>
                   <point x="60.68039605488252" y="0" z="-51.825954256748595"/>
                   <point x="59.3029570730961" y="0" z="-53.396622387436835"/>
                   <point x="57.88487480678059" y="0" z="-54.93069514036152"/>
                   <point x="56.42712113868652" y="0" z="-56.42712113868646"/>
                   <point x="54.930695140361586" y="0" z="-57.88487480678053"/>
                   <point x="53.39662238743689" y="0" z="-59.30295707309604"/>
                   <point x="51.825954256748666" y="0" z="-60.680396054882465"/>
                   <point x="50.219767205777025" y="0" z="-62.01624772426628"/>
                   <point x="48.57916203489589" y="0" z="-63.309596555240574"/>
                   <point x="46.905263132939325" y="0" z="-64.55955615112082"/>
                   <point x="45.19921770660162" y="0" z="-65.76526985203687"/>
                   <point x="43.462194994199116" y="0" z="-66.92591132204487"/>
                   <point x="41.69538546433267" y="0" z="-68.04068511545658"/>
                   <point x="39.899999999999935" y="0" z="-69.10882722199824"/>
                   <point x="38.077269068716674" y="0" z="-70.12960559042487"/>
                   <point x="36.228441879215744" y="0" z="-71.1023206302318"/>
                   <point x="34.35478552530185" y="0" z="-72.02630569111892"/>
                   <point x="32.45758411744875" y="0" z="-72.9009275198796"/>
                   <point x="30.53813790273404" y="0" z="-73.72558669440073"/>
                   <point x="28.59776237371483" y="0" z="-74.49971803447674"/>
                   <point x="26.63778736685477" y="0" z="-75.22279098915588"/>
                   <point x="24.659556151120643" y="0" z="-75.8943100003533"/>
                   <point x="22.664424507372853" y="0" z="-76.51381484248185"/>
                   <point x="20.65375979918097" y="0" z="-77.08088093786769"/>
                   <point x="18.628940035701053" y="0" z="-77.59511964773463"/>
                   <point x="16.591352927256985" y="0" z="-78.05617853855773"/>
                   <point x="14.542394934273144" y="0" z="-78.46374162360361"/>
                   <point x="12.483470310210189" y="0" z="-78.81752957949203"/>
                   <point x="10.41599013915987" y="0" z="-79.11729993763011"/>
                   <point x="8.341371368758486" y="0" z="-79.36284725038824"/>
                   <point x="6.261035839081753" y="0" z="-79.55400323190364"/>
                   <point x="4.176409308186632" y="0" z="-79.690636873415"/>
                   <point x="2.08892047496798" y="0" z="-79.77265453304948"/>
                   <point x="-3.0917218905711907e-13" y="0" z="-79.8"/>
                   <point x="-2.0889204749685986" y="0" z="-79.77265453304946"/>
                   <point x="-4.17640930818725" y="0" z="-79.69063687341497"/>
                   <point x="-6.2610358390823695" y="0" z="-79.55400323190358"/>
                   <point x="-8.3413713687591" y="0" z="-79.36284725038817"/>
                   <point x="-10.415990139160481" y="0" z="-79.11729993763002"/>
                   <point x="-12.483470310210798" y="0" z="-78.81752957949193"/>
                   <point x="-14.542394934273752" y="0" z="-78.46374162360351"/>
                   <point x="-16.59135292725759" y="0" z="-78.0561785385576"/>
                   <point x="-18.628940035701653" y="0" z="-77.59511964773449"/>
                   <point x="-20.653759799181568" y="0" z="-77.08088093786753"/>
                   <point x="-22.664424507373443" y="0" z="-76.51381484248168"/>
                   <point x="-24.65955615112123" y="0" z="-75.89431000035312"/>
                   <point x="-26.637787366855356" y="0" z="-75.22279098915568"/>
                   <point x="-28.597762373715405" y="0" z="-74.49971803447653"/>
                   <point x="-30.53813790273461" y="0" z="-73.72558669440049"/>
                   <point x="-32.45758411744931" y="0" z="-72.90092751987935"/>
                   <point x="-34.35478552530241" y="0" z="-72.02630569111865"/>
                   <point x="-36.22844187921629" y="0" z="-71.10232063023152"/>
                   <point x="-38.07726906871722" y="0" z="-70.12960559042457"/>
                   <point x="-39.90000000000047" y="0" z="-69.10882722199793"/>
                   <point x="-41.69538546433319" y="0" z="-68.04068511545627"/>
                   <point x="-43.462194994199635" y="0" z="-66.92591132204453"/>
                   <point x="-45.199217706602134" y="0" z="-65.76526985203652"/>
                   <point x="-46.90526313293984" y="0" z="-64.55955615112046"/>
                   <point x="-48.579162034896385" y="0" z="-63.3095965552402"/>
                   <point x="-50.2197672057775" y="0" z="-62.01624772426589"/>
                   <point x="-51.825954256749135" y="0" z="-60.68039605488206"/>
                   <point x="-53.396622387437354" y="0" z="-59.302957073095634"/>
                   <point x="-54.93069514036204" y="0" z="-57.88487480678011"/>
                   <point x="-56.42712113868696" y="0" z="-56.427121138686026"/>
                   <point x="-57.88487480678101" y="0" z="-54.93069514036108"/>
                   <point x="-59.30295707309652" y="0" z="-53.39662238743637"/>
                   <point x="-60.6803960548829" y="0" z="-51.82595425674815"/>
                   <point x="-62.0162477242667" y="0" z="-50.219767205776506"/>
                   <point x="-63.30959655524098" y="0" z="-48.57916203489537"/>
                   <point x="-64.55955615112121" y="0" z="-46.905263132938785"/>
                   <point x="-65.76526985203725" y="0" z="-45.199217706601075"/>
                   <point x="-66.92591132204522" y="0" z="-43.462194994198555"/>
                   <point x="-68.04068511545694" y="0" z="-41.69538546433209"/>
                   <point x="-69.10882722199857" y="0" z="-39.89999999999936"/>
                   <point x="-70.1296055904252" y="0" z="-38.077269068716085"/>
                   <point x="-71.1023206302321" y="0" z="-36.228441879215154"/>
                   <point x="-72.0263056911192" y="0" z="-34.35478552530125"/>
                   <point x="-72.90092751987987" y="0" z="-32.457584117448135"/>
                   <point x="-73.72558669440099" y="0" z="-30.538137902733425"/>
                   <point x="-74.49971803447698" y="0" z="-28.597762373714204"/>
                   <point x="-75.22279098915611" y="0" z="-26.63778736685414"/>
                   <point x="-75.89431000035351" y="0" z="-24.659556151120007"/>
                   <point x="-76.51381484248205" y="0" z="-22.66442450737221"/>
                   <point x="-77.08088093786787" y="0" z="-20.653759799180325"/>
                   <point x="-77.59511964773479" y="0" z="-18.628940035700403"/>
                   <point x="-78.05617853855787" y="0" z="-16.59135292725633"/>
                   <point x="-78.46374162360374" y="0" z="-14.542394934272487"/>
                   <point x="-78.81752957949213" y="0" z="-12.483470310209526"/>
                   <point x="-79.1172999376302" y="0" z="-10.415990139159204"/>
                   <point x="-79.3628472503883" y="0" z="-8.341371368757821"/>
                   <point x="-79.55400323190368" y="0" z="-6.261035839081087"/>
                   <point x="-79.69063687341504" y="0" z="-4.176409308185965"/>
                   <point x="-79.77265453304949" y="0" z="-2.088920474967312"/>
                   <point x="-79.8" y="0" z="9.77613908303186e-13"/>
                   <point x="-79.77265453304943" y="0" z="2.0889204749692665"/>
                   <point x="-79.69063687341493" y="0" z="4.1764093081879174"/>
                   <point x="-79.55400323190352" y="0" z="6.2610358390830365"/>
                   <point x="-79.3628472503881" y="0" z="8.341371368759766"/>
                   <point x="-79.11729993762994" y="0" z="10.415990139161146"/>
                   <point x="-78.81752957949182" y="0" z="12.483470310211457"/>
                   <point x="-78.46374162360338" y="0" z="14.542394934274409"/>
                   <point x="-78.05617853855746" y="0" z="16.591352927258242"/>
                   <point x="-77.59511964773434" y="0" z="18.628940035702303"/>
                   <point x="-77.08088093786736" y="0" z="20.653759799182215"/>
                   <point x="-76.5138148424815" y="0" z="22.664424507374086"/>
                   <point x="-75.8943100003529" y="0" z="24.65955615112187"/>
                   <point x="-75.22279098915546" y="0" z="26.637787366855985"/>
                   <point x="-74.49971803447629" y="0" z="28.597762373716026"/>
                   <point x="-73.72558669440023" y="0" z="30.538137902735226"/>
                   <point x="-72.90092751987908" y="0" z="32.45758411744992"/>
                   <point x="-72.02630569111837" y="0" z="34.354785525303015"/>
                   <point x="-71.10232063023122" y="0" z="36.228441879216895"/>
                   <point x="-70.12960559042426" y="0" z="38.077269068717804"/>
                   <point x="-69.1088272219976" y="0" z="39.90000000000104"/>
                   <point x="-68.04068511545591" y="0" z="41.69538546433376"/>
                   <point x="-66.92591132204416" y="0" z="43.462194994200196"/>
                   <point x="-65.76526985203614" y="0" z="45.19921770660269"/>
                   <point x="-64.55955615112006" y="0" z="46.90526313294038"/>
                   <point x="-63.30959655523979" y="0" z="48.57916203489692"/>
                   <point x="-62.01624772426547" y="0" z="50.21976720577803"/>
                   <point x="-60.680396054881626" y="0" z="51.82595425674964"/>
                   <point x="-59.30295707309518" y="0" z="53.39662238743785"/>
                   <point x="-57.88487480677965" y="0" z="54.93069514036252"/>
                   <point x="-56.42712113868555" y="0" z="56.42712113868743"/>
                   <point x="-54.9306951403606" y="0" z="57.884874806781475"/>
                   <point x="-53.396622387435876" y="0" z="59.30295707309696"/>
                   <point x="-51.825954256747615" y="0" z="60.68039605488335"/>
                   <point x="-50.21976720577596" y="0" z="62.016247724267146"/>
                   <point x="-48.57916203489481" y="0" z="63.309596555241406"/>
                   <point x="-46.905263132938224" y="0" z="64.55955615112163"/>
                   <point x="-45.1992177066005" y="0" z="65.76526985203765"/>
                   <point x="-43.462194994197965" y="0" z="66.92591132204561"/>
                   <point x="-41.69538546433149" y="0" z="68.04068511545731"/>
                   <point x="-39.89999999999875" y="0" z="69.10882722199892"/>
                   <point x="-38.07726906871547" y="0" z="70.12960559042553"/>
                   <point x="-36.22844187921452" y="0" z="71.10232063023243"/>
                   <point x="-34.35478552530061" y="0" z="72.02630569111952"/>
                   <point x="-32.45758411744749" y="0" z="72.90092751988016"/>
                   <point x="-30.53813790273277" y="0" z="73.72558669440126"/>
                   <point x="-28.597762373713543" y="0" z="74.49971803447724"/>
                   <point x="-26.637787366853477" y="0" z="75.22279098915634"/>
                   <point x="-24.65955615111934" y="0" z="75.89431000035373"/>
                   <point x="-22.664424507371532" y="0" z="76.51381484248225"/>
                   <point x="-20.653759799179642" y="0" z="77.08088093786805"/>
                   <point x="-18.62894003569972" y="0" z="77.59511964773496"/>
                   <point x="-16.59135292725564" y="0" z="78.05617853855802"/>
                   <point x="-14.542394934271792" y="0" z="78.46374162360387"/>
                   <point x="-12.483470310208833" y="0" z="78.81752957949224"/>
                   <point x="-10.415990139158508" y="0" z="79.11729993763028"/>
                   <point x="-8.341371368757121" y="0" z="79.36284725038838"/>
                   <point x="-6.261035839080385" y="0" z="79.55400323190374"/>
                   <point x="-4.176409308185262" y="0" z="79.69063687341507"/>
                   <point x="-2.088920474966608" y="0" z="79.7726545330495"/>
                </translate>
                <rotate time="4.57" x="0" y="1" z="0"/>
                <scale x="0.17" y="0.17" z="0.17" />
            </transform>
            <models>
                <model file="sphere_10_20_20.3d" />
                <color> 
                    <rgb R="0.50" G="0.56" B="1"/>
                </color>
            </models>
        </group>
        <!-- Cometa -->
        <group>
                <transform>
                    <translate x="-4.7" y="11.5" z="6.6"/>
                </transform>
                <group>
                    <transform>
				        <translate time = "10" align="true">
                            <point x = "0" y = "0" z = "49" />
					        <point x = "49" y = "0" z = "0" />
					        <point x = "0" y = "0" z = "-49" />
					        <point x = "-49" y = "-30" z = "0" />
                        </translate>
                        <scale x="0.2" y="0.2" z="0.2" />
			        </transform>
			        <models> 
			        	<model file="bezier_10.3d" /> <!-- generator patch teapot.patch 10 bezier_10.3d -->
			        </models>
                </group>
        </group>    

    </group>


</world>
