<world>
    <window width="800" height="800" />
    <camera> 
        <position x="15" y="100" z="15" />
        <lookAt x="0" y="0" z="0" />
        <up x="0" y="1" z="0" /> 
        <projection fov="60" near="1" far="1000" /> 
    </camera>

    <!--  Sol -->
    <group>
            <transform>
                <!-- <scale x="1.5" y="1.5" z="1.5" /> -->
            </transform>
        <models>
            <model file="sphere_10_20_20.3d" />
            <color> 
                <rgb R="1" G="0.95" B="0.55"/>
            </color>
        </models>
        <!--  Mercúrio -->
        <group>
            <transform>
                <translate x="0" y="0" z="25"/>
                <scale x="0.02" y="0.02" z="0.02" />
            </transform>
            <models>
                <model file="sphere_10_20_20.3d" />
                <color> 
                    <rgb R="0.67" G="0.67" B="0.67"/>
                </color>
            </models>
        </group>
        <!--  Vénus -->
        <group>
            <transform>
                <translate x="15" y="0" z="22.3"/>
                <scale x="0.085" y="0.085" z="0.085" />
            </transform>
            <models>
                <model file="sphere_10_20_20.3d" />
                <color> 
                    <rgb R="0.98" G="0.80" B="0.45"/>
                </color>
            </models>
        </group>
        <!--  Terra -->
        <group>
            <transform>
                <translate x="-36.4" y="0" z="20.95"/>
                <scale x="0.095" y="0.095" z="0.095" />
            </transform>
            <models>
                <model file="sphere_10_20_20.3d" />
                <color> 
                    <rgb R="0" G="0.5" B="1"/>
                </color>
            </models>
            <!--  Lua -->
            <group>
                <transform>
                    <translate x="0" y="2.5" z="1"/>
                    <scale x="0.028" y="0.028" z="0.028" />
                </transform>
                <models>
                    <model file="sphere_10_20_20.3d" />
                    <color> 
                        <rgb R="0.85" G="0.85" B="0.85"/> 
                    </color>
                </models>
            </group>
        </group>
        <!--  Marte -->
        <group>
            <transform>
                <translate x="-12.4" y="0" z="-60.1"/>
                <scale x="0.05" y="0.05" z="0.05" />
            </transform>
            <models>
                <model file="sphere_10_20_20.3d" />
                <color> 
                    <rgb R="1" G="0.47" B="0"/>
                </color>
            </models>
        </group>
        <!--  Júpiter -->
        <group>
            <transform>
                <translate x="35.2" y="0" z="62.54"/>
                <scale x="0.5" y="0.5" z="0.5" />
            </transform>
            <models>
                <model file="sphere_10_20_20.3d" />
                <color> 
                    <rgb R="0.86" G="0.75" B="0.66"/>
                </color>
            </models>
        </group>
        <!--  Saturno -->
        <group>
            <transform>
                <translate x="91.7" y="0" z="-9.3"/>
                <scale x="0.41" y="0.41" z="0.41" />
            </transform>
            <models>
                <model file="sphere_10_20_20.3d" />
                <color> 
                    <rgb R="0.93" G="0.82" B="0.59"/>
                </color>
            </models>
            <group>
                <transform>
                    <rotate angle="63" x="1" y="0" z="0"/>
                    <scale x="0.41" y="0.41" z="0" />
                </transform>
                <models>
                    <model file="torus_31_27_50_50.3d" />
                    <color> 
                        <rgb R="0.65" G="0.60" B="0.55"/>
                    </color>
                </models>
            </group>
        </group>
        <!--  Urano -->
        <group>
            <transform>
                <translate x="-55" y="0" z="70.9"/>
                <scale x="0.18" y="0.18" z="0.18" />
            </transform>
            <models>
                <model file="sphere_10_20_20.3d" />
                <color> 
                    <rgb R="0.69" G="0.88" B="0.90"/>
                </color>
            </models>
        </group>
        <!--  Neptuno -->
        <group>
            <transform>
                <translate x="40.42" y="0" z="-111.1"/>
                <scale x="0.17" y="0.17" z="0.17" />
            </transform>
            <models>
                <model file="sphere_10_20_20.3d" />
                <color> 
                    <rgb R="0.50" G="0.56" B="1"/>
                </color>
            </models>
        </group>

    </group>


</world>